{
  "M_0030_16y4m_1.wav": {
    "snr_db": -7.878738299539808,
    "lsd": 22.407118721273488
  },
  "M_0061_16y9m-1.wav": {
    "snr_db": -6.196553106499145,
    "lsd": 24.463260394413435
  }
}