{
  "rep=0.75|prol=0.88": {
    "M_0030_16y4m_1.wav": {
      "repetition": {
        "precision": 0.08823529411764706,
        "recall": 0.043478260869565216,
        "f1": 0.05825242718446603,
        "tp": 3,
        "fp": 31,
        "fn": 66
      },
      "raw_counts": {
        "gt_total": 178,
        "det_rep": 34
      }
    },
    "M_0061_16y9m-1.wav": {
      "repetition": {
        "precision": 0.045454545454545456,
        "recall": 0.0196078431372549,
        "f1": 0.027397260273972605,
        "tp": 1,
        "fp": 21,
        "fn": 50
      },
      "raw_counts": {
        "gt_total": 87,
        "det_rep": 22
      }
    },
    "M_0078_16y5m_1.wav": {
      "repetition": {
        "precision": 0.04,
        "recall": 0.125,
        "f1": 0.06060606060606061,
        "tp": 1,
        "fp": 24,
        "fn": 7
      },
      "raw_counts": {
        "gt_total": 32,
        "det_rep": 25
      }
    },
    "M_0107_07y7m_1.wav": {
      "repetition": {
        "precision": 0.08,
        "recall": 0.05405405405405406,
        "f1": 0.06451612903225806,
        "tp": 2,
        "fp": 23,
        "fn": 35
      },
      "raw_counts": {
        "gt_total": 71,
        "det_rep": 25
      }
    },
    "M_1106_25y0m_1.wav": {
      "repetition": {
        "precision": 0.0,
        "recall": 0.0,
        "f1": 0,
        "tp": 0,
        "fp": 29,
        "fn": 19
      },
      "raw_counts": {
        "gt_total": 69,
        "det_rep": 29
      }
    }
  },
  "rep=0.80|prol=0.90": {
    "M_0030_16y4m_1.wav": {
      "repetition": {
        "precision": 0.08823529411764706,
        "recall": 0.043478260869565216,
        "f1": 0.05825242718446603,
        "tp": 3,
        "fp": 31,
        "fn": 66
      },
      "raw_counts": {
        "gt_total": 178,
        "det_rep": 34
      }
    },
    "M_0061_16y9m-1.wav": {
      "repetition": {
        "precision": 0.045454545454545456,
        "recall": 0.0196078431372549,
        "f1": 0.027397260273972605,
        "tp": 1,
        "fp": 21,
        "fn": 50
      },
      "raw_counts": {
        "gt_total": 87,
        "det_rep": 22
      }
    },
    "M_0078_16y5m_1.wav": {
      "repetition": {
        "precision": 0.04,
        "recall": 0.125,
        "f1": 0.06060606060606061,
        "tp": 1,
        "fp": 24,
        "fn": 7
      },
      "raw_counts": {
        "gt_total": 32,
        "det_rep": 25
      }
    },
    "M_0107_07y7m_1.wav": {
      "repetition": {
        "precision": 0.08,
        "recall": 0.05405405405405406,
        "f1": 0.06451612903225806,
        "tp": 2,
        "fp": 23,
        "fn": 35
      },
      "raw_counts": {
        "gt_total": 71,
        "det_rep": 25
      }
    },
    "M_1106_25y0m_1.wav": {
      "repetition": {
        "precision": 0.0,
        "recall": 0.0,
        "f1": 0,
        "tp": 0,
        "fp": 29,
        "fn": 19
      },
      "raw_counts": {
        "gt_total": 69,
        "det_rep": 29
      }
    }
  },
  "rep=0.85|prol=0.93": {
    "M_0030_16y4m_1.wav": {
      "repetition": {
        "precision": 0.08823529411764706,
        "recall": 0.043478260869565216,
        "f1": 0.05825242718446603,
        "tp": 3,
        "fp": 31,
        "fn": 66
      },
      "raw_counts": {
        "gt_total": 178,
        "det_rep": 34
      }
    },
    "M_0061_16y9m-1.wav": {
      "repetition": {
        "precision": 0.09090909090909091,
        "recall": 0.0392156862745098,
        "f1": 0.05479452054794521,
        "tp": 2,
        "fp": 20,
        "fn": 49
      },
      "raw_counts": {
        "gt_total": 87,
        "det_rep": 22
      }
    },
    "M_0078_16y5m_1.wav": {
      "repetition": {
        "precision": 0.04,
        "recall": 0.125,
        "f1": 0.06060606060606061,
        "tp": 1,
        "fp": 24,
        "fn": 7
      },
      "raw_counts": {
        "gt_total": 32,
        "det_rep": 25
      }
    },
    "M_0107_07y7m_1.wav": {
      "repetition": {
        "precision": 0.12,
        "recall": 0.08108108108108109,
        "f1": 0.0967741935483871,
        "tp": 3,
        "fp": 22,
        "fn": 34
      },
      "raw_counts": {
        "gt_total": 71,
        "det_rep": 25
      }
    },
    "M_1106_25y0m_1.wav": {
      "repetition": {
        "precision": 0.0,
        "recall": 0.0,
        "f1": 0,
        "tp": 0,
        "fp": 29,
        "fn": 19
      },
      "raw_counts": {
        "gt_total": 69,
        "det_rep": 29
      }
    }
  },
  "rep=0.90|prol=0.95": {
    "M_0030_16y4m_1.wav": {
      "repetition": {
        "precision": 0.11764705882352941,
        "recall": 0.057971014492753624,
        "f1": 0.07766990291262135,
        "tp": 4,
        "fp": 30,
        "fn": 65
      },
      "raw_counts": {
        "gt_total": 178,
        "det_rep": 34
      }
    },
    "M_0061_16y9m-1.wav": {
      "repetition": {
        "precision": 0.22727272727272727,
        "recall": 0.09803921568627451,
        "f1": 0.136986301369863,
        "tp": 5,
        "fp": 17,
        "fn": 46
      },
      "raw_counts": {
        "gt_total": 87,
        "det_rep": 22
      }
    },
    "M_0078_16y5m_1.wav": {
      "repetition": {
        "precision": 0.0,
        "recall": 0.0,
        "f1": 0,
        "tp": 0,
        "fp": 25,
        "fn": 8
      },
      "raw_counts": {
        "gt_total": 32,
        "det_rep": 25
      }
    },
    "M_0107_07y7m_1.wav": {
      "repetition": {
        "precision": 0.12,
        "recall": 0.08108108108108109,
        "f1": 0.0967741935483871,
        "tp": 3,
        "fp": 22,
        "fn": 34
      },
      "raw_counts": {
        "gt_total": 71,
        "det_rep": 25
      }
    },
    "M_1106_25y0m_1.wav": {
      "repetition": {
        "precision": 0.0,
        "recall": 0.0,
        "f1": 0,
        "tp": 0,
        "fp": 29,
        "fn": 19
      },
      "raw_counts": {
        "gt_total": 69,
        "det_rep": 29
      }
    }
  }
}