iter,streak,noise,corr,score,loss,out_dur_s,best
1,14.0,0.015,0.92,0.6664072646930226,0.3335927353069774,0.486,False
2,14.806746408309305,0.015382774392527077,0.7731887754663346,0.7623591290564299,0.23764087094357011,0.186,True
3,15.081553839233946,0.01603393159415571,0.7936634189773303,0.4483776266959308,0.5516223733040693,0.196,False
